{
    "loss": 2.125605344772339,
    "accuracy": 0.818965494632721
}