{
    "loss": 0.636082112789154,
    "accuracy": 0.9396551847457886
}